{
    "rmse": 42409.10029590218,
    "r2 score": 95.64616027947257,
    "mse": 1798531787.9078903,
    "train_score": 0.9936062632746022,
    "test_score": 0.9570727586921973
}